domain,cf_email
pgx9.net,visionseoteam30@gmail.com
pgx9.org,visionseoteam30@gmail.com
uxnine.org,visionseoteam30@gmail.com
not54.org,visionseoteam30@gmail.com
77evo.org,visionseoteam30@gmail.com
t6slot.co,visionseoteam30@gmail.com
jetspinbet.co,visionseoteam30@gmail.com
ufamvp.net,visionseoteam30@gmail.com
ufamvp.org,visionseoteam30@gmail.com
item88.org,visionseoteam30@gmail.com
m4sure.org,visionseoteam30@gmail.com
horizon789.org,visionseoteam30@gmail.com
rb168.co,visionseoteam30@gmail.com
betflikcasino.net,visionseoteam30@gmail.com
ambheng88.co,visionseoteam30@gmail.com
megaspinx.net,visionseoteam30@gmail.com
megaspinx.org,visionseoteam30@gmail.com
nasaslotzeed.org,visionseoteam30@gmail.com
balen1688.com,visionseoteam30@gmail.com
ww4244.com,visionseoteam30@gmail.com
luckyking8888.com,visionseoteam30@gmail.com
lucy899.com,visionseoteam30@gmail.com
horus7899.com,visionseoteam30@gmail.com
neko5000.com,visionseoteam30@gmail.com
khongkhwan699.com,visionseoteam30@gmail.com
superrich8888.com,visionseoteam30@gmail.com
ufagoat1688.com,visionseoteam30@gmail.com
gu8999.com,visionseoteam30@gmail.com
flik933.com,visionseoteam30@gmail.com
pgcash888.com,visionseoteam30@gmail.com
tkb3655.com,visionseoteam30@gmail.com
allin99my.co,visionseoteam30@gmail.com
978king.co,visionseoteam30@gmail.com
sagame888.org,visionseoteam30@gmail.com
rwd789.net,visionseoteam30@gmail.com
rwd789.org,visionseoteam30@gmail.com
teeyai888.com,visionseoteam30@gmail.com
bflix6888.net,visionseoteam30@gmail.com
bflix6888.org,visionseoteam30@gmail.com
banana168.co,visionseoteam30@gmail.com
eco879.net,visionseoteam30@gmail.com
sugus18.co,visionseoteam30@gmail.com
botan888.org,visionseoteam30@gmail.com
jaojeng888.org,visionseoteam30@gmail.com
extra789.org,visionseoteam30@gmail.com
marinabay999.org,visionseoteam30@gmail.com
zigspin.net,visionseoteam30@gmail.com
zigspin.org,visionseoteam30@gmail.com
789ok.org,visionseoteam30@gmail.com
betflik6789.org,visionseoteam30@gmail.com
tictoc24.org,visionseoteam30@gmail.com
omgwin7.org,visionseoteam30@gmail.com
jinn88.org,visionseoteam30@gmail.com
ufa369gold.org,visionseoteam30@gmail.com
juad678.net,visionseoteam30@gmail.com
juad678.org,visionseoteam30@gmail.com
jingjai77.org,visionseoteam30@gmail.com
beo356.net,visionseoteam30@gmail.com
demon45.org,visionseoteam30@gmail.com
ssgame88.net,visionseoteam30@gmail.com
ssgame88.org,visionseoteam30@gmail.com
jdbthai.net,visionseoteam30@gmail.com
jdbthai.org,visionseoteam30@gmail.com
nano24.org,visionseoteam30@gmail.com
ufa168autos.net,visionseoteam30@gmail.com
ufa168autos.org,visionseoteam30@gmail.com
starbet678.com,visionseoteam30@gmail.com
starbet678.org,visionseoteam30@gmail.com
betflix559.net,visionseoteam30@gmail.com
svbet24.net,visionseoteam30@gmail.com
boba168.co,visionseoteam30@gmail.com
jackybet.co,visionseoteam30@gmail.com
betflixpro9.co,visionseoteam30@gmail.com
guc888.net,visionseoteam30@gmail.com
guc888.org,visionseoteam30@gmail.com
happy789.co,visionseoteam30@gmail.com
route168.net,visionseoteam30@gmail.com
route168.org,visionseoteam30@gmail.com
betflikauto.org,visionseoteam30@gmail.com
ruay1688.org,visionseoteam30@gmail.com
jub7899.com,visionseoteam30@gmail.com
tga599.com,visionseoteam30@gmail.com
ufawell888.com,visionseoteam30@gmail.com
bigwin244.com,visionseoteam30@gmail.com
saw999.com,visionseoteam30@gmail.com
hiway144.com,visionseoteam30@gmail.com
champ899.com,visionseoteam30@gmail.com
viperpro.net,visionseoteam30@gmail.com
sexybestbacarat.co,visionseoteam30@gmail.com
nevada9.org,visionseoteam30@gmail.com
ufa7779.net,visionseoteam30@gmail.com
ufa7779.org,visionseoteam30@gmail.com
heng191.net,visionseoteam30@gmail.com
spatans300.com,visionseoteam30@gmail.com
k1gt.net,visionseoteam30@gmail.com
tigerxbet.org,visionseoteam30@gmail.com
kingthai999.net,visionseoteam30@gmail.com
moscow888.net,visionseoteam30@gmail.com
moscow888.org,visionseoteam30@gmail.com
fafatop888.net,visionseoteam30@gmail.com
fafatop888.org,visionseoteam30@gmail.com
ruayslot909.net,visionseoteam30@gmail.com
singh66.co,visionseoteam30@gmail.com
wr168.org,visionseoteam30@gmail.com
omg369star.org,visionseoteam30@gmail.com
suck777.org,visionseoteam30@gmail.com
qaone77.net,visionseoteam30@gmail.com
qaone77.org,visionseoteam30@gmail.com
yamazaslot.org,visionseoteam30@gmail.com
burgerrich.org,visionseoteam30@gmail.com
fomobet666.net,visionseoteam30@gmail.com
slotzone88.net,visionseoteam30@gmail.com
gdxwin.net,visionseoteam30@gmail.com
ufazero.org,visionseoteam30@gmail.com
usun59.org,visionseoteam30@gmail.com
omar999.org,visionseoteam30@gmail.com
ufasport168.org,visionseoteam30@gmail.com
ufa399.org,visionseoteam30@gmail.com
ufafun.net,visionseoteam30@gmail.com
ok69s1.org,visionseoteam30@gmail.com
ruay168.net,visionseoteam30@gmail.com
ggthai.org,visionseoteam30@gmail.com
betflik85.net,visionseoteam30@gmail.com
nak99.net,visionseoteam30@gmail.com
168ppg.org,visionseoteam30@gmail.com
pkc4.org,visionseoteam30@gmail.com
pb499.com,visionseoteam30@gmail.com
godlike999.com,visionseoteam30@gmail.com
meehay1233.com,visionseoteam30@gmail.com
singh666.com,visionseoteam30@gmail.com
gtx1688.com,visionseoteam30@gmail.com
rabbit7899.com,visionseoteam30@gmail.com
sunworld8888.com,visionseoteam30@gmail.com
victor899.com,visionseoteam30@gmail.com
lockdown9099.com,visionseoteam30@gmail.com
ric7899.com,visionseoteam30@gmail.com
plus7899.com,visionseoteam30@gmail.com
messi899.com,visionseoteam30@gmail.com
wolf699.com,visionseoteam30@gmail.com
tyga888.com,visionseoteam30@gmail.com
mario7899.com,visionseoteam30@gmail.com
tree789.org,visionseoteam30@gmail.com
win1688.org,visionseoteam30@gmail.com
mhoo888.net,visionseoteam30@gmail.com
ufa2563.net,visionseoteam30@gmail.com
gmz888.org,visionseoteam30@gmail.com
569auto.net,visionseoteam30@gmail.com
lucyslot42.org,visionseoteam30@gmail.com
wanjeab789.com,visionseoteam30@gmail.com
luckycat168.org,visionseoteam30@gmail.com
ufa329.com,visionseoteam30@gmail.com
naza51.org,visionseoteam30@gmail.com
ufath99.net,visionseoteam30@gmail.com
xplus888.org,visionseoteam30@gmail.com
glo345.net,visionseoteam30@gmail.com
glo345.org,visionseoteam30@gmail.com
tora789t.com,visionseoteam30@gmail.com
abet69.org,visionseoteam30@gmail.com
p9go.net,visionseoteam30@gmail.com
p9go.org,visionseoteam30@gmail.com
ezybet88.co,visionseoteam30@gmail.com
queenflik.org,visionseoteam30@gmail.com
copper789.net,visionseoteam30@gmail.com
copper789.org,visionseoteam30@gmail.com
nasawin168.com,visionseoteam30@gmail.com
mahagame666.org,visionseoteam30@gmail.com
maxgent888.com,visionseoteam30@gmail.com
maxgent888.net,visionseoteam30@gmail.com
happysuperwin.net,visionseoteam30@gmail.com
happysuperwin.org,visionseoteam30@gmail.com
max1club.net,visionseoteam30@gmail.com
max1club.org,visionseoteam30@gmail.com
spez789.net,visionseoteam30@gmail.com
goatbet88.org,visionseoteam30@gmail.com
wmbet55.net,visionseoteam30@gmail.com
wmbet55.org,visionseoteam30@gmail.com
limbo24hr.org,visionseoteam30@gmail.com
river28.net,visionseoteam30@gmail.com
mngoal.co,visionseoteam30@gmail.com
aka6788.com,visionseoteam30@gmail.com
fuza899.com,visionseoteam30@gmail.com
lucas1688.com,visionseoteam30@gmail.com
heng1233.com,visionseoteam30@gmail.com
gmz8888.com,visionseoteam30@gmail.com
deedo699.com,visionseoteam30@gmail.com
zin1688.com,visionseoteam30@gmail.com
bigbobet2988.com,visionseoteam30@gmail.com
volto7899.com,visionseoteam30@gmail.com
mrrclub.co,visionseoteam30@gmail.com
xgambet333.net,visionseoteam30@gmail.com
xgambet333.org,visionseoteam30@gmail.com
kinggold777.org,visionseoteam30@gmail.com
heng999plus.com,visionseoteam30@gmail.com
heng999plus.net,visionseoteam30@gmail.com
softgame88.com,visionseoteam30@gmail.com
789det.org,visionseoteam30@gmail.com
denmark88.org,visionseoteam30@gmail.com
sawanpg.co,visionseoteam30@gmail.com
jiligame78.net,visionseoteam30@gmail.com
jiligame78.org,visionseoteam30@gmail.com
ufa333win.com,visionseoteam30@gmail.com
kd22.net,visionseoteam30@gmail.com
88hourwin.co,visionseoteam30@gmail.com
aks356.net,visionseoteam30@gmail.com
aks356.org,visionseoteam30@gmail.com
thongclub168.net,visionseoteam30@gmail.com
thongclub168.org,visionseoteam30@gmail.com
uflix1688.com,visionseoteam30@gmail.com
liger8955.com,visionseoteam30@gmail.com
lion1233.com,visionseoteam30@gmail.com
naza655.com,visionseoteam30@gmail.com
urus999.com,visionseoteam30@gmail.com
pttking.net,visionseoteam30@gmail.com
ftk89.net,visionseoteam30@gmail.com
nex555vip.com,visionseoteam30@gmail.com
slotxoz1688.com,visionseoteam30@gmail.com
sl189.org,visionseoteam30@gmail.com
sugus18.com,visionseoteam30@gmail.com
sugus18.net,visionseoteam30@gmail.com
m4galaxy.net,visionseoteam30@gmail.com
mab99.net,visionseoteam30@gmail.com
winlucky88.net,visionseoteam30@gmail.com
winlucky88.org,visionseoteam30@gmail.com
betflixthai24.net,visionseoteam30@gmail.com
betflixthai24.org,visionseoteam30@gmail.com
finn168.net,visionseoteam30@gmail.com
venice789.co,visionseoteam30@gmail.com
th883.co,visionseoteam30@gmail.com
ufazc.co,visionseoteam30@gmail.com
singhaclub.net,visionseoteam30@gmail.com
cj789.org,visionseoteam30@gmail.com
ufabetgo168.net,visionseoteam30@gmail.com
ufabetgo168.org,visionseoteam30@gmail.com
pgg369.net,visionseoteam30@gmail.com
911pro.org,visionseoteam30@gmail.com
duangdee777.org,visionseoteam30@gmail.com
aurora1688.net,visionseoteam30@gmail.com
pgevo888.co,visionseoteam30@gmail.com
naza7899.com,visionseoteam30@gmail.com
pgslot422.com,visionseoteam30@gmail.com
ak1899.com,visionseoteam30@gmail.com
oneclub1688.com,visionseoteam30@gmail.com
pglion999.com,visionseoteam30@gmail.com
pgevo8888.com,visionseoteam30@gmail.com
ricco8888.com,visionseoteam30@gmail.com
winstar699.com,visionseoteam30@gmail.com
zing44.com,visionseoteam30@gmail.com
edm66.net,visionseoteam30@gmail.com
noah3456.net,visionseoteam30@gmail.com
noah3456.org,visionseoteam30@gmail.com
baccarat123th.net,visionseoteam30@gmail.com
mgmplus888.net,visionseoteam30@gmail.com
mgmplus888.org,visionseoteam30@gmail.com
ufa1688s.net,visionseoteam30@gmail.com
ufa1688s.org,visionseoteam30@gmail.com
ufa168dg.org,visionseoteam30@gmail.com
ufaclub365.net,visionseoteam30@gmail.com
ufamawin.org,visionseoteam30@gmail.com
789vip.co,visionseoteam30@gmail.com
von999.net,visionseoteam30@gmail.com
maxgame789.net,visionseoteam30@gmail.com
maxgame789.org,visionseoteam30@gmail.com
maple888.net,visionseoteam30@gmail.com
maple888.org,visionseoteam30@gmail.com
loxy99.net,visionseoteam30@gmail.com
loxy99.org,visionseoteam30@gmail.com
temmax168.com,visionseoteam30@gmail.com
temmax168.org,visionseoteam30@gmail.com
banana9999.net,visionseoteam30@gmail.com
banana9999.org,visionseoteam30@gmail.com
king978.net,visionseoteam30@gmail.com
king978.org,visionseoteam30@gmail.com
goyard678.co,visionseoteam30@gmail.com
amc98.co,visionseoteam30@gmail.com
ohhoe.co,visionseoteam30@gmail.com
heng24hr.net,visionseoteam30@gmail.com
ezplay422.com,visionseoteam30@gmail.com
amc988.com,visionseoteam30@gmail.com
monaco899.com,visionseoteam30@gmail.com
zion1688.com,visionseoteam30@gmail.com
ibiza8888.com,visionseoteam30@gmail.com
zeegame1699.com,visionseoteam30@gmail.com
ufo29.net,visionseoteam30@gmail.com
first168.org,visionseoteam30@gmail.com
rb289.net,visionseoteam30@gmail.com
jk24.net,visionseoteam30@gmail.com
gr8bet.net,visionseoteam30@gmail.com
wthai99.net,visionseoteam30@gmail.com
ufacome.org,visionseoteam30@gmail.com
legend999.org,visionseoteam30@gmail.com
game15k.com,visionseoteam30@gmail.com
takeoff88.net,visionseoteam30@gmail.com
takeoff88.org,visionseoteam30@gmail.com
dragonball369.net,visionseoteam30@gmail.com
dragonball369.org,visionseoteam30@gmail.com
changbet789.net,visionseoteam30@gmail.com
changbet789.org,visionseoteam30@gmail.com
autok2.net,visionseoteam30@gmail.com
wop88.co,visionseoteam30@gmail.com
osaka888.org,visionseoteam30@gmail.com
bravo333.co,visionseoteam30@gmail.com
disney777.org,visionseoteam30@gmail.com
ttt52.net,visionseoteam30@gmail.com
ttt52.org,visionseoteam30@gmail.com
bbbbet365.net,visionseoteam30@gmail.com
bbbbet365.org,visionseoteam30@gmail.com
m24slot.co,visionseoteam30@gmail.com
kfcbet.net,visionseoteam30@gmail.com
kfcbet.org,visionseoteam30@gmail.com
lots8.net,visionseoteam30@gmail.com
7379com.net,visionseoteam30@gmail.com
pgplay123.net,visionseoteam30@gmail.com
big1g.com,visionseoteam30@gmail.com
big1g.org,visionseoteam30@gmail.com
ufam8.org,visionseoteam30@gmail.com
hood88.org,visionseoteam30@gmail.com
w299s.org,visionseoteam30@gmail.com
zeegame44.org,visionseoteam30@gmail.com
boss45.net,visionseoteam30@gmail.com
lucagame88.net,visionseoteam30@gmail.com
pggod888.net,visionseoteam30@gmail.com
xgame888.net,visionseoteam30@gmail.com
kuma789.net,visionseoteam30@gmail.com
tgacool.co,visionseoteam30@gmail.com
holiday7899.com,visionseoteam30@gmail.com
columbia7899.com,visionseoteam30@gmail.com
gana9288.com,visionseoteam30@gmail.com
tgabet7777.com,visionseoteam30@gmail.com
megavip168.org,visionseoteam30@gmail.com
qq1221.co,visionseoteam30@gmail.com
luna289.net,visionseoteam30@gmail.com
golden678.org,visionseoteam30@gmail.com
rich818.net,visionseoteam30@gmail.com
rich818.org,visionseoteam30@gmail.com
m4autobet.net,visionseoteam30@gmail.com
m4autobet.org,visionseoteam30@gmail.com
paotung888.org,visionseoteam30@gmail.com
sora88.co,visionseoteam30@gmail.com
oto96.co,visionseoteam30@gmail.com
susurun.org,visionseoteam30@gmail.com
sharkywin.co,visionseoteam30@gmail.com
tcg789.org,visionseoteam30@gmail.com
osiaka168.net,visionseoteam30@gmail.com
thbbet.org,visionseoteam30@gmail.com
colombia99.net,visionseoteam30@gmail.com
iam168bit.com,visionseoteam30@gmail.com
d195.net,visionseoteam30@gmail.com
24hplay.co,visionseoteam30@gmail.com
evza168.net,visionseoteam30@gmail.com
richy88.net,visionseoteam30@gmail.com
okvipth.co,visionseoteam30@gmail.com
pggame888.org,visionseoteam30@gmail.com
ba89.org,visionseoteam30@gmail.com
blackfin123.net,visionseoteam30@gmail.com
blackfin123.org,visionseoteam30@gmail.com
bx29.org,visionseoteam30@gmail.com
bkm777.net,visionseoteam30@gmail.com
bkm777.org,visionseoteam30@gmail.com
bkm888.co,visionseoteam30@gmail.com
akabetvip.net,visionseoteam30@gmail.com
lsmplay.org,visionseoteam30@gmail.com
angpao98.co,visionseoteam30@gmail.com
oto966.com,visionseoteam30@gmail.com
pgcombo1688.com,visionseoteam30@gmail.com
soda4566.com,visionseoteam30@gmail.com
papo7899.com,visionseoteam30@gmail.com
kbet8888.com,visionseoteam30@gmail.com
dinoza.co,visionseoteam30@gmail.com
newrose168.net,visionseoteam30@gmail.com
metang77.org,visionseoteam30@gmail.com
rich89bet.co,visionseoteam30@gmail.com
ufe68.com,visionseoteam30@gmail.com
yakuza1.net,visionseoteam30@gmail.com
laya222.co,visionseoteam30@gmail.com
thaiplus88.co,visionseoteam30@gmail.com
sedthee1688.com,visionseoteam30@gmail.com
ktt888.net,visionseoteam30@gmail.com
ktt888.org,visionseoteam30@gmail.com
tga65.co,visionseoteam30@gmail.com
letsbet99.org,visionseoteam30@gmail.com
slotto168.net,visionseoteam30@gmail.com
best789.org,visionseoteam30@gmail.com
edm888vip.co,visionseoteam30@gmail.com
dafast888.com,visionseoteam30@gmail.com
dafast888.net,visionseoteam30@gmail.com
rbet789.com,visionseoteam30@gmail.com
latte789.org,visionseoteam30@gmail.com
vegus888.org,visionseoteam30@gmail.com
99xbet.org,visionseoteam30@gmail.com
lucas789.net,visionseoteam30@gmail.com
lucas789.org,visionseoteam30@gmail.com
mimi9288.com,visionseoteam30@gmail.com
poipet1233.com,visionseoteam30@gmail.com
pung9288.com,visionseoteam30@gmail.com
bunny999.com,visionseoteam30@gmail.com
ufa6211.com,visionseoteam30@gmail.com
diamondx1688.com,visionseoteam30@gmail.com
thaiplus888.com,visionseoteam30@gmail.com
tga655.com,visionseoteam30@gmail.com
rbrich4444.com,visionseoteam30@gmail.com
success7899.com,visionseoteam30@gmail.com
rov55.org,visionseoteam30@gmail.com
fd388.org,visionseoteam30@gmail.com
get899bet.org,visionseoteam30@gmail.com
tanos468.com,visionseoteam30@gmail.com
tanos468.net,visionseoteam30@gmail.com
tanos468bet.com,visionseoteam30@gmail.com
tanos468bet.net,visionseoteam30@gmail.com
ufajk24hr.net,visionseoteam30@gmail.com
ufajk24hr.org,visionseoteam30@gmail.com
ckpok.org,visionseoteam30@gmail.com
ruayheng888.co,visionseoteam30@gmail.com
soh788.com,visionseoteam30@gmail.com
moneyplus699.org,visionseoteam30@gmail.com
88pnpplus.net,visionseoteam30@gmail.com
123sabuy.org,visionseoteam30@gmail.com
likevip365.net,visionseoteam30@gmail.com
likevip365.org,visionseoteam30@gmail.com
chobbet.org,visionseoteam30@gmail.com
chob88.net,visionseoteam30@gmail.com
la888.org,visionseoteam30@gmail.com
fun88plus.net,visionseoteam30@gmail.com
fun88plus.org,visionseoteam30@gmail.com
gamehall88.net,visionseoteam30@gmail.com
skyking88.org,visionseoteam30@gmail.com
ufab5.net,visionseoteam30@gmail.com
ufadmwin.com,visionseoteam30@gmail.com
slots69mvp.net,visionseoteam30@gmail.com
gamextales.net,visionseoteam30@gmail.com
gamextales.org,visionseoteam30@gmail.com
sd248.net,visionseoteam30@gmail.com
sd248.org,visionseoteam30@gmail.com
vl224.org,visionseoteam30@gmail.com
ktv456.net,visionseoteam30@gmail.com
ktv456.org,visionseoteam30@gmail.com
jinny888.net,visionseoteam30@gmail.com
jinny888.org,visionseoteam30@gmail.com
lucarich789.net,visionseoteam30@gmail.com
lucarich789.org,visionseoteam30@gmail.com
ruayheng8888.com,visionseoteam30@gmail.com
wp233.com,visionseoteam30@gmail.com
xcon1688.com,visionseoteam30@gmail.com
hotplay8888.com,visionseoteam30@gmail.com
future244.com,visionseoteam30@gmail.com
kdx699.com,visionseoteam30@gmail.com
punpro7777.com,visionseoteam30@gmail.com
rpg666.net,visionseoteam30@gmail.com
rpg666.org,visionseoteam30@gmail.com
ufapg999.net,visionseoteam30@gmail.com
ufapg999.org,visionseoteam30@gmail.com
789hk.net,visionseoteam30@gmail.com
369z.net,visionseoteam30@gmail.com
thaibet555.co,visionseoteam30@gmail.com
ojo789.net,visionseoteam30@gmail.com
bpa888.org,visionseoteam30@gmail.com
4x4bet168.org,visionseoteam30@gmail.com
kkbet5555.com,visionseoteam30@gmail.com
penguin12344.com,visionseoteam30@gmail.com
runner888.com,visionseoteam30@gmail.com
nuno1688.com,visionseoteam30@gmail.com
thaibet5555.com,visionseoteam30@gmail.com
bac8888.com,visionseoteam30@gmail.com
betplay5699.com,visionseoteam30@gmail.com
spc8988.com,visionseoteam30@gmail.com
hl789.net,visionseoteam30@gmail.com
hl789.org,visionseoteam30@gmail.com
bzgame168.net,visionseoteam30@gmail.com
bzgame168.org,visionseoteam30@gmail.com
ufa777m.org,visionseoteam30@gmail.com
bigtime77.net,visionseoteam30@gmail.com
gaojing88.com,visionseoteam30@gmail.com
gaojing88.net,visionseoteam30@gmail.com
chaiyo789.net,visionseoteam30@gmail.com
chaiyo789.org,visionseoteam30@gmail.com
masarubet.co,visionseoteam30@gmail.com
tga1168.co,visionseoteam30@gmail.com
dgwin88.co,visionseoteam30@gmail.com
rca289.net,visionseoteam30@gmail.com
rca289.org,visionseoteam30@gmail.com
15finnish.net,visionseoteam30@gmail.com
15finnish.org,visionseoteam30@gmail.com
play244.com,visionseoteam30@gmail.com
vip2344.com,visionseoteam30@gmail.com
nbet1688.com,visionseoteam30@gmail.com
bgs7899.com,visionseoteam30@gmail.com
rollsroyce88.net,visionseoteam30@gmail.com
goatbet1234.net,visionseoteam30@gmail.com
goatbet1234.org,visionseoteam30@gmail.com
jk123plus.net,visionseoteam30@gmail.com
jk123plus.org,visionseoteam30@gmail.com
sutpang188.com,visionseoteam30@gmail.com
sutpang188.net,visionseoteam30@gmail.com
lunarslot168.co,visionseoteam30@gmail.com
geneva24h.net,visionseoteam30@gmail.com
geneva24h.org,visionseoteam30@gmail.com
geneva88.net,visionseoteam30@gmail.com
geneva88.org,visionseoteam30@gmail.com
maha289.co,visionseoteam30@gmail.com
lapdee77.co,visionseoteam30@gmail.com
pgslotz.org,visionseoteam30@gmail.com
pigpg.org,visionseoteam30@gmail.com
pgvip98.org,visionseoteam30@gmail.com
pgbath777.co,visionseoteam30@gmail.com
ronaldo789.net,visionseoteam30@gmail.com
z199.net,visionseoteam30@gmail.com
z199.org,visionseoteam30@gmail.com
kingauto828.net,visionseoteam30@gmail.com
kingauto828.org,visionseoteam30@gmail.com
theking888.net,visionseoteam30@gmail.com
tgabet54.org,visionseoteam30@gmail.com
bingo669.org,visionseoteam30@gmail.com
lion966.org,visionseoteam30@gmail.com
chang777.co,visionseoteam30@gmail.com
at189s.org,visionseoteam30@gmail.com
goldbet1688.net,visionseoteam30@gmail.com
lukwin123.com,visionseoteam30@gmail.com
lukwin123.net,visionseoteam30@gmail.com
infy61.net,visionseoteam30@gmail.com
infy61.org,visionseoteam30@gmail.com
bigwin999.co,visionseoteam30@gmail.com
bkm123.com,visionseoteam30@gmail.com
bkm123.net,visionseoteam30@gmail.com
lsm789up.co,visionseoteam30@gmail.com
lava345.org,visionseoteam30@gmail.com
heng333.net,visionseoteam30@gmail.com
meslot168.net,visionseoteam30@gmail.com
ufapig.org,visionseoteam30@gmail.com
vamos88.co,visionseoteam30@gmail.com
findee88.com,visionseoteam30@gmail.com
poipet99.org,visionseoteam30@gmail.com
tiger8899.org,visionseoteam30@gmail.com
realflik.net,visionseoteam30@gmail.com
realflik.org,visionseoteam30@gmail.com
pgspin888.org,visionseoteam30@gmail.com
bacalot.co,visionseoteam30@gmail.com
tkb108.org,visionseoteam30@gmail.com
givzee55.co,visionseoteam30@gmail.com
rogerclub.co,visionseoteam30@gmail.com
maha2899.com,visionseoteam30@gmail.com
mahaheng3333.com,visionseoteam30@gmail.com
lucky2899.com,visionseoteam30@gmail.com
lapdee777.com,visionseoteam30@gmail.com
meheng365.co,visionseoteam30@gmail.com
siaw369.org,visionseoteam30@gmail.com
histar789.net,visionseoteam30@gmail.com
lady69.co,visionseoteam30@gmail.com
sportbet69.org,visionseoteam30@gmail.com
sx899.org,visionseoteam30@gmail.com
ventuna168.org,visionseoteam30@gmail.com
bk8plays.co,visionseoteam30@gmail.com
ibizaclub88.net,visionseoteam30@gmail.com
ibizaclub88.org,visionseoteam30@gmail.com
ezx10.net,visionseoteam30@gmail.com
ezx10.org,visionseoteam30@gmail.com
pananvip.net,visionseoteam30@gmail.com
m4se.net,visionseoteam30@gmail.com
m4se.org,visionseoteam30@gmail.com
ufamax168.net,visionseoteam30@gmail.com
tx71.net,visionseoteam30@gmail.com
tx71.org,visionseoteam30@gmail.com
enter2bet.net,visionseoteam30@gmail.com
lover999.org,visionseoteam30@gmail.com
hungry888.co,visionseoteam30@gmail.com
andaman1687.org,visionseoteam30@gmail.com
ww19.net,visionseoteam30@gmail.com
soibet168.co,visionseoteam30@gmail.com
dmpire24.net,visionseoteam30@gmail.com
zeegame111.net,visionseoteam30@gmail.com
gmt168.net,visionseoteam30@gmail.com
gmt168.org,visionseoteam30@gmail.com
scg789.org,visionseoteam30@gmail.com
zabbet168.co,visionseoteam30@gmail.com
spinxth.co,visionseoteam30@gmail.com
luckyfix.org,visionseoteam30@gmail.com
metang1688.org,visionseoteam30@gmail.com
oneplus789.org,visionseoteam30@gmail.com
domo55.org,visionseoteam30@gmail.com
ojo789.org,visionseoteam30@gmail.com
nzt98.org,visionseoteam30@gmail.com
prodee168.net,visionseoteam30@gmail.com
ufabetxx.net,visionseoteam30@gmail.com
snow99.net,visionseoteam30@gmail.com
meheng3655.com,visionseoteam30@gmail.com
luna3577.com,visionseoteam30@gmail.com
chom9988.com,visionseoteam30@gmail.com
kuman8888.com,visionseoteam30@gmail.com
jojo7899.com,visionseoteam30@gmail.com
lady699.com,visionseoteam30@gmail.com
vk789bet.org,visionseoteam30@gmail.com
unlimitedz.co,visionseoteam30@gmail.com
hotstar789.net,visionseoteam30@gmail.com
hotstar789.org,visionseoteam30@gmail.com
wingame168.co,visionseoteam30@gmail.com
sanook777.co,visionseoteam30@gmail.com
lucia8bet.net,visionseoteam30@gmail.com
xspin88.net,visionseoteam30@gmail.com
baipo999.co,visionseoteam30@gmail.com
chapo888.net,visionseoteam30@gmail.com
goatbet178.org,visionseoteam30@gmail.com
tga889.net,visionseoteam30@gmail.com
tga77.net,visionseoteam30@gmail.com
sattha168.net,visionseoteam30@gmail.com
sattha168.org,visionseoteam30@gmail.com
1g1s.org,visionseoteam30@gmail.com
work168.net,visionseoteam30@gmail.com
work168.org,visionseoteam30@gmail.com
sawan888.org,visionseoteam30@gmail.com
saw99.org,visionseoteam30@gmail.com
sfc588.com,visionseoteam30@gmail.com
zumo168.net,visionseoteam30@gmail.com
ufa111.net,visionseoteam30@gmail.com
slotxstar.net,visionseoteam30@gmail.com
slotxstar.org,visionseoteam30@gmail.com
punslot789.net,visionseoteam30@gmail.com
punslot789.org,visionseoteam30@gmail.com
allin99star.co,visionseoteam30@gmail.com
sabai55.org,visionseoteam30@gmail.com
tgaking289.com,visionseoteam30@gmail.com
mira789.org,visionseoteam30@gmail.com
pb69.net,visionseoteam30@gmail.com
pb69.org,visionseoteam30@gmail.com
richslot.org,visionseoteam30@gmail.com
turbobet888.net,visionseoteam30@gmail.com
fun55.org,visionseoteam30@gmail.com
fun55s.net,visionseoteam30@gmail.com
naknoi289.org,visionseoteam30@gmail.com
qqfortuna.net,visionseoteam30@gmail.com
playwin777.co,visionseoteam30@gmail.com
iwinbet.org,visionseoteam30@gmail.com
ragnar168.org,visionseoteam30@gmail.com
zombieking.net,visionseoteam30@gmail.com
sbtbet111.org,visionseoteam30@gmail.com
tawwin88.net,visionseoteam30@gmail.com
tawwin88.org,visionseoteam30@gmail.com
thailuck99.net,visionseoteam30@gmail.com
thailuck99.org,visionseoteam30@gmail.com
baipo9999.com,visionseoteam30@gmail.com
sanook7777.com,visionseoteam30@gmail.com
monaco966.com,visionseoteam30@gmail.com
thaibk89.net,visionseoteam30@gmail.com
mvp11vip.net,visionseoteam30@gmail.com
shark678.com,visionseoteam30@gmail.com
winx8.co,visionseoteam30@gmail.com
kingsman44.org,visionseoteam30@gmail.com
sw789.org,visionseoteam30@gmail.com
tiger99.co,visionseoteam30@gmail.com
bmbet168.com,visionseoteam30@gmail.com
bmbet168.net,visionseoteam30@gmail.com
messivip.org,visionseoteam30@gmail.com
osakabet.org,visionseoteam30@gmail.com
vgs77.org,visionseoteam30@gmail.com
ok2d.org,visionseoteam30@gmail.com
ufx86.org,visionseoteam30@gmail.com
gavo888.com,visionseoteam30@gmail.com
gavo888.net,visionseoteam30@gmail.com
1g1game.net,visionseoteam30@gmail.com
ak77bet.co,visionseoteam30@gmail.com
hansa55.co,visionseoteam30@gmail.com
ripo5.net,visionseoteam30@gmail.com
ripo5.org,visionseoteam30@gmail.com
winpk888.net,visionseoteam30@gmail.com
lion191.co,visionseoteam30@gmail.com
icon1688.org,visionseoteam30@gmail.com
pg15k.org,visionseoteam30@gmail.com
pk711.org,visionseoteam30@gmail.com
nunglen888.com,visionseoteam30@gmail.com
allin99pg.com,visionseoteam30@gmail.com
allin99pg.net,visionseoteam30@gmail.com
hilo444.co,visionseoteam30@gmail.com
ceo56.co,visionseoteam30@gmail.com
yak168.org,visionseoteam30@gmail.com
sagame68.net,visionseoteam30@gmail.com
kha99.co,visionseoteam30@gmail.com
lionclub1688.com,visionseoteam30@gmail.com
ktvbet.org,visionseoteam30@gmail.com
gripen69.net,visionseoteam30@gmail.com
spez789.org,visionseoteam30@gmail.com
ufakick.co,visionseoteam30@gmail.com
like189auto.co,visionseoteam30@gmail.com
ultraclub88.org,visionseoteam30@gmail.com
ultraclubasia.net,visionseoteam30@gmail.com
roman189.org,visionseoteam30@gmail.com
apv88.com,visionseoteam30@gmail.com
apv88.net,visionseoteam30@gmail.com
jinda88.net,visionseoteam30@gmail.com
rov789.net,visionseoteam30@gmail.com
xonerun.co,visionseoteam30@gmail.com
khaek666.net,visionseoteam30@gmail.com
khaek666.org,visionseoteam30@gmail.com
rama33.org,visionseoteam30@gmail.com
kingslot234.co,visionseoteam30@gmail.com
luckyfun555.co,visionseoteam30@gmail.com
ak88pro.net,visionseoteam30@gmail.com
ufa888x.net,visionseoteam30@gmail.com
ufa888x.org,visionseoteam30@gmail.com
ufanew1688.org,visionseoteam30@gmail.com
tiger444.net,visionseoteam30@gmail.com
jak1bet.com,visionseoteam30@gmail.com
jak1bet.net,visionseoteam30@gmail.com
ipro356.net,visionseoteam30@gmail.com
miami123th.net,visionseoteam30@gmail.com
agon777.net,visionseoteam30@gmail.com
agon777.org,visionseoteam30@gmail.com
inwball88.org,visionseoteam30@gmail.com
funclub8888.com,visionseoteam30@gmail.com
nne888.com,visionseoteam30@gmail.com
kingslot2344.com,visionseoteam30@gmail.com
max7899.com,visionseoteam30@gmail.com
maxbet7899.com,visionseoteam30@gmail.com
luckyfun5555.com,visionseoteam30@gmail.com
ow233.com,visionseoteam30@gmail.com
ufo2344.com,visionseoteam30@gmail.com
jk93.net,visionseoteam30@gmail.com
jk93.org,visionseoteam30@gmail.com
tgaxbet.net,visionseoteam30@gmail.com
allking789.net,visionseoteam30@gmail.com
ufacup88.net,visionseoteam30@gmail.com
hubslotxo.net,visionseoteam30@gmail.com
hubslotxo.org,visionseoteam30@gmail.com
naka888s.org,visionseoteam30@gmail.com
ufa767.org,visionseoteam30@gmail.com
moon456slot.org,visionseoteam30@gmail.com
ufa878.org,visionseoteam30@gmail.com
pid168.org,visionseoteam30@gmail.com
copa747slot.org,visionseoteam30@gmail.com
porsche99slot.org,visionseoteam30@gmail.com
porsche99slot.com,visionseoteam30@gmail.com
slot1bet.org,visionseoteam30@gmail.com
dudee99.org,visionseoteam30@gmail.com
thunder66.org,visionseoteam30@gmail.com
ufag8auto.com,visionseoteam30@gmail.com
mahaheng789.com,visionseoteam30@gmail.com
lucyslot42.com,visionseoteam30@gmail.com
waiwai168.net,visionseoteam30@gmail.com
ufa8778.net,visionseoteam30@gmail.com
luckatron.net,visionseoteam30@gmail.com
koh888.net,visionseoteam30@gmail.com
wingvip888.net,visionseoteam30@gmail.com
baslot168.net,visionseoteam30@gmail.com
glm789.net,visionseoteam30@gmail.com
glm789.org,visionseoteam30@gmail.com
glm789.co,visionseoteam30@gmail.com
glm7899.com,visionseoteam30@gmail.com
glm7899.net,visionseoteam30@gmail.com
glm7899.org,visionseoteam30@gmail.com
glm999.net,visionseoteam30@gmail.com
glm999.org,visionseoteam30@gmail.com
glm999.co,visionseoteam30@gmail.com
glm9999.com,visionseoteam30@gmail.com
glm9999.net,visionseoteam30@gmail.com
glm9999.org,visionseoteam30@gmail.com
glm99.net,visionseoteam30@gmail.com
glm99.org,visionseoteam30@gmail.com
koxbet.net,visionseoteam30@gmail.com
m2vbet.com,visionseoteam30@gmail.com
play4funz.co,visionseoteam30@gmail.com
ginzean11.net,visionseoteam30@gmail.com
lsm991.org,visionseoteam30@gmail.com
lsm99one.com,visionseoteam30@gmail.com
luna357.net,visionseoteam30@gmail.com
victor789.org,visionseoteam30@gmail.com
rov888.net,visionseoteam30@gmail.com
yak999.co,visionseoteam30@gmail.com
mamun888.org,visionseoteam30@gmail.com
setthi777.net,visionseoteam30@gmail.com
setthi777.org,visionseoteam30@gmail.com
led789.co,visionseoteam30@gmail.com
hydra99.net,visionseoteam30@gmail.com
hydra99.org,visionseoteam30@gmail.com
kmd888.org,visionseoteam30@gmail.com
elon168.org,visionseoteam30@gmail.com
kingdom988.com,visionseoteam30@gmail.com
kingdom988.net,visionseoteam30@gmail.com
rumsum.co,visionseoteam30@gmail.com
betpro99.net,visionseoteam30@gmail.com
betpro99.org,visionseoteam30@gmail.com
pgeazy.org,visionseoteam30@gmail.com
gala89.net,visionseoteam30@gmail.com
gala89.org,visionseoteam30@gmail.com
gheng88.co,visionseoteam30@gmail.com
win369.co,visionseoteam30@gmail.com
wanne789.net,visionseoteam30@gmail.com
wanne789.org,visionseoteam30@gmail.com
hangwin99.com,visionseoteam30@gmail.com
hangwin99.net,visionseoteam30@gmail.com
hengjud3655.com,visionseoteam30@gmail.com
bluemoon777.com,visionseoteam30@gmail.com
bluemoon777.net,visionseoteam30@gmail.com
wink488.com,visionseoteam30@gmail.com
ktt888th.org,visionseoteam30@gmail.com
tx168.org,visionseoteam30@gmail.com
pgzeedxbet.com,visionseoteam30@gmail.com
vmax99.org,visionseoteam30@gmail.com
sbet567.org,visionseoteam30@gmail.com
meeheng911.com,visionseoteam30@gmail.com
meeheng911.net,visionseoteam30@gmail.com
finix88.com,visionseoteam30@gmail.com
mb789plus.net,visionseoteam30@gmail.com
mb789plus.org,visionseoteam30@gmail.com
joey88.co,visionseoteam30@gmail.com
sing168.org,visionseoteam30@gmail.com
rw168.org,visionseoteam30@gmail.com
mwg24.org,visionseoteam30@gmail.com
88allwin.net,visionseoteam30@gmail.com
88allwin.org,visionseoteam30@gmail.com
mpkwin13.net,visionseoteam30@gmail.com
ttt88.org,visionseoteam30@gmail.com
siam96.net,visionseoteam30@gmail.com
fin888.co,visionseoteam30@gmail.com
boso888.org,visionseoteam30@gmail.com
uasia88.com,visionseoteam30@gmail.com
uasia88.net,visionseoteam30@gmail.com
evo168won.org,visionseoteam30@gmail.com
vg1688.com,visionseoteam30@gmail.com
wink899.com,visionseoteam30@gmail.com
pr955.com,visionseoteam30@gmail.com
glm789.info,visionseoteam30@gmail.com
glm789.vip,visionseoteam30@gmail.com
glm789.bet,visionseoteam30@gmail.com
glm789.app,visionseoteam30@gmail.com
glm789.pro,visionseoteam30@gmail.com
glm789.live,visionseoteam30@gmail.com
glm789.club,visionseoteam30@gmail.com
glm7899.info,visionseoteam30@gmail.com
glm999.info,visionseoteam30@gmail.com
glm999.vip,visionseoteam30@gmail.com
glm999.bet,visionseoteam30@gmail.com
glm999.app,visionseoteam30@gmail.com
glm999.pro,visionseoteam30@gmail.com
glm999.live,visionseoteam30@gmail.com
glm999.club,visionseoteam30@gmail.com
glm9999.info,visionseoteam30@gmail.com
glm9999.co,visionseoteam30@gmail.com
glm99.info,visionseoteam30@gmail.com
glm99.co,visionseoteam30@gmail.com
posidon99.com,visionseoteam30@gmail.com
unicornth.net,visionseoteam30@gmail.com
lazywin88.com,visionseoteam30@gmail.com
ufaxc.net,visionseoteam30@gmail.com
ufarx9.net,visionseoteam30@gmail.com
ufarx9.org,visionseoteam30@gmail.com
ewo24.net,visionseoteam30@gmail.com
ufaclub99.net,visionseoteam30@gmail.com
ufaclub99.org,visionseoteam30@gmail.com
gram22.co,visionseoteam30@gmail.com
gram222.com,visionseoteam30@gmail.com
pangjang7899.com,visionseoteam30@gmail.com
ev168.org,visionseoteam30@gmail.com
tkb188.com,visionseoteam30@gmail.com
hengheng999.net,visionseoteam30@gmail.com
hengheng999.org,visionseoteam30@gmail.com
thep1688.org,visionseoteam30@gmail.com
mnml898.net,visionseoteam30@gmail.com
mnml898.org,visionseoteam30@gmail.com
ufa4k.org,visionseoteam30@gmail.com
maneemeslot.org,visionseoteam30@gmail.com
lava168.org,visionseoteam30@gmail.com
sfc588.net,visionseoteam30@gmail.com
911roma.net,visionseoteam30@gmail.com
mz88.org,visionseoteam30@gmail.com
goatup88.net,visionseoteam30@gmail.com
ai123bet.org,visionseoteam30@gmail.com
pgm1688.org,visionseoteam30@gmail.com
lucabetking.org,visionseoteam30@gmail.com
sss268.com,visionseoteam30@gmail.com
sss268.net,visionseoteam30@gmail.com
589goal.com,visionseoteam30@gmail.com
589goal.net,visionseoteam30@gmail.com
realtime168.com,visionseoteam30@gmail.com
jn23.net,visionseoteam30@gmail.com
fafa138.co,visionseoteam30@gmail.com
flik84.org,visionseoteam30@gmail.com
tga99win.net,visionseoteam30@gmail.com
tga99win.org,visionseoteam30@gmail.com
riches09.org,visionseoteam30@gmail.com
588winsor.org,visionseoteam30@gmail.com
thb789.org,visionseoteam30@gmail.com
paris879.com,visionseoteam30@gmail.com
paris879.net,visionseoteam30@gmail.com
nexus789.net,visionseoteam30@gmail.com
cozy89.com,visionseoteam30@gmail.com
cozy89.net,visionseoteam30@gmail.com
genie168.co,visionseoteam30@gmail.com
m4play.org,visionseoteam30@gmail.com
jz69.net,visionseoteam30@gmail.com
pt23.org,visionseoteam30@gmail.com
nxx999.org,visionseoteam30@gmail.com
uero88.org,visionseoteam30@gmail.com
999up.org,visionseoteam30@gmail.com
richxbet.net,visionseoteam30@gmail.com
eco879.org,visionseoteam30@gmail.com
hongthai168.co,visionseoteam30@gmail.com
hk39.org,visionseoteam30@gmail.com
mgmbbet.com,visionseoteam30@gmail.com
jk911.net,visionseoteam30@gmail.com
moons777.net,visionseoteam30@gmail.com
sabai188.org,visionseoteam30@gmail.com
sod168.org,visionseoteam30@gmail.com
th500.co,visionseoteam30@gmail.com
fnn168.co,visionseoteam30@gmail.com
mvpm889.org,visionseoteam30@gmail.com
wowslot928.net,visionseoteam30@gmail.com
krw168.com,visionseoteam30@gmail.com
krw168.net,visionseoteam30@gmail.com
kingaff168.org,visionseoteam30@gmail.com
topsecret168.co,visionseoteam30@gmail.com
inw99one.com,visionseoteam30@gmail.com
inw99one.net,visionseoteam30@gmail.com
uplay88.net,visionseoteam30@gmail.com
uplay88.org,visionseoteam30@gmail.com
jdai888.net,visionseoteam30@gmail.com
jdai888.org,visionseoteam30@gmail.com
tiger126.org,visionseoteam30@gmail.com
max99th.net,visionseoteam30@gmail.com
copa747.net,visionseoteam30@gmail.com
azthai.net,visionseoteam30@gmail.com
birdy99.org,visionseoteam30@gmail.com
kingromes.net,visionseoteam30@gmail.com
1bkk.net,visionseoteam30@gmail.com
gtr666.com,visionseoteam30@gmail.com
skybet66.org,visionseoteam30@gmail.com
ufa10.org,visionseoteam30@gmail.com
midnight777.net,visionseoteam30@gmail.com
wolf77.org,visionseoteam30@gmail.com
mywin789.org,visionseoteam30@gmail.com
ufayak.org,visionseoteam30@gmail.com
cup1688.org,visionseoteam30@gmail.com
topsecret1688.com,visionseoteam30@gmail.com
ok8g1.net,visionseoteam30@gmail.com
ok8g1.org,visionseoteam30@gmail.com
sbotopbk.net,visionseoteam30@gmail.com
sbotopbk.org,visionseoteam30@gmail.com
ruaythai28.net,visionseoteam30@gmail.com
ruaythai28.org,visionseoteam30@gmail.com
tga44.net,visionseoteam30@gmail.com
tga44.org,visionseoteam30@gmail.com
de899.net,visionseoteam30@gmail.com
de899.org,visionseoteam30@gmail.com
tkbqueen.net,visionseoteam30@gmail.com
tkbqueen.org,visionseoteam30@gmail.com
